cell_set_preferred_alias	cell_set_label	cell_set_accession	cell_set_aligned_alias	cell_set_additional_alias	cell_set_alias_assignee	cell_set_alias_citation	cell_set_structure	cell_set_ontology_tag	species	modality	taxonomy_id	taxonomy_description	child_cell_set_accessions	cell_type_card	original_label
Inh SST NPY	RNAseq 01	CS201912132_1	Sst Chodl		Fenna Krienen	10.1101/2020.03.31.016972	primary motor cortex	UBERON:0001384	Marmoset	RNAseq	CCN201912132	Marmoset M1 taxonomy using 10X data		"Cell Type,Subclass"	Inh SST NPY
Inh LAMP5 COL5A2	RNAseq 02	CS201912132_2		Lamp5_5	Fenna Krienen	10.1101/2020.03.31.016972	primary motor cortex	UBERON:0001384	Marmoset	RNAseq	CCN201912132	Marmoset M1 taxonomy using 10X data		Cell Type	Inh LAMP5 COL5A2
Inh LAMP5 TOX2	RNAseq 03	CS201912132_3		Lamp5_1	Fenna Krienen	10.1101/2020.03.31.016972	primary motor cortex	UBERON:0001384	Marmoset	RNAseq	CCN201912132	Marmoset M1 taxonomy using 10X data		Cell Type	Inh LAMP5 TOX2
Inh LAMP5 TRPC6	RNAseq 04	CS201912132_4	Lamp5 Lhx6	Lamp5_3	Fenna Krienen	10.1101/2020.03.31.016972	primary motor cortex	UBERON:0001384	Marmoset	RNAseq	CCN201912132	Marmoset M1 taxonomy using 10X data		Cell Type	Inh LAMP5 TRPC6
Inh LAMP5 WWP1	RNAseq 05	CS201912132_5			Fenna Krienen	10.1101/2020.03.31.016972	primary motor cortex	UBERON:0001384	Marmoset	RNAseq	CCN201912132	Marmoset M1 taxonomy using 10X data		Cell Type	Inh LAMP5 WWP1
Inh LAMP5 LOC108591196	RNAseq 06	CS201912132_6			Fenna Krienen	10.1101/2020.03.31.016972	primary motor cortex	UBERON:0001384	Marmoset	RNAseq	CCN201912132	Marmoset M1 taxonomy using 10X data		Cell Type	Inh LAMP5 LOC108591196
Inh PAX6 HMBOX1	RNAseq 07	CS201912132_7		Lamp5_4	Fenna Krienen	10.1101/2020.03.31.016972	primary motor cortex	UBERON:0001384	Marmoset	RNAseq	CCN201912132	Marmoset M1 taxonomy using 10X data		Cell Type	Inh PAX6 HMBOX1
Inh SNCG PLPPR1	RNAseq 08	CS201912132_8		Sncg_2	Fenna Krienen	10.1101/2020.03.31.016972	primary motor cortex	UBERON:0001384	Marmoset	RNAseq	CCN201912132	Marmoset M1 taxonomy using 10X data		Cell Type	Inh SNCG PLPPR1
Inh PAX6 ANKRD6	RNAseq 09	CS201912132_9			Fenna Krienen	10.1101/2020.03.31.016972	primary motor cortex	UBERON:0001384	Marmoset	RNAseq	CCN201912132	Marmoset M1 taxonomy using 10X data		Cell Type	Inh PAX6 ANKRD6
Inh VIP CYP19A1	RNAseq 10	CS201912132_10			Fenna Krienen	10.1101/2020.03.31.016972	primary motor cortex	UBERON:0001384	Marmoset	RNAseq	CCN201912132	Marmoset M1 taxonomy using 10X data		Cell Type	Inh VIP CYP19A1
Inh SNCG CNTN4	RNAseq 11	CS201912132_11			Fenna Krienen	10.1101/2020.03.31.016972	primary motor cortex	UBERON:0001384	Marmoset	RNAseq	CCN201912132	Marmoset M1 taxonomy using 10X data		Cell Type	Inh SNCG CNTN4
Inh PAX6 CDH4	RNAseq 12	CS201912132_12			Fenna Krienen	10.1101/2020.03.31.016972	primary motor cortex	UBERON:0001384	Marmoset	RNAseq	CCN201912132	Marmoset M1 taxonomy using 10X data		Cell Type	Inh PAX6 CDH4
Inh GAD1 PCP4	RNAseq 13	CS201912132_13			Fenna Krienen	10.1101/2020.03.31.016972	primary motor cortex	UBERON:0001384	Marmoset	RNAseq	CCN201912132	Marmoset M1 taxonomy using 10X data		Cell Type	Inh GAD1 PCP4
Inh GAD1 LOC108589948	RNAseq 14	CS201912132_14			Fenna Krienen	10.1101/2020.03.31.016972	primary motor cortex	UBERON:0001384	Marmoset	RNAseq	CCN201912132	Marmoset M1 taxonomy using 10X data		Cell Type	Inh GAD1 LOC108589948
Inh VIP THSD7B	RNAseq 15	CS201912132_15			Fenna Krienen	10.1101/2020.03.31.016972	primary motor cortex	UBERON:0001384	Marmoset	RNAseq	CCN201912132	Marmoset M1 taxonomy using 10X data		Cell Type	Inh VIP THSD7B
Inh VIP LOC100397259	RNAseq 16	CS201912132_16			Fenna Krienen	10.1101/2020.03.31.016972	primary motor cortex	UBERON:0001384	Marmoset	RNAseq	CCN201912132	Marmoset M1 taxonomy using 10X data		Cell Type	Inh VIP LOC100397259
Inh GAD1 NPSR1	RNAseq 17	CS201912132_17			Fenna Krienen	10.1101/2020.03.31.016972	primary motor cortex	UBERON:0001384	Marmoset	RNAseq	CCN201912132	Marmoset M1 taxonomy using 10X data		Cell Type	Inh GAD1 NPSR1
Inh SNCG LOC108587895	RNAseq 18	CS201912132_18			Fenna Krienen	10.1101/2020.03.31.016972	primary motor cortex	UBERON:0001384	Marmoset	RNAseq	CCN201912132	Marmoset M1 taxonomy using 10X data		Cell Type	Inh SNCG LOC108587895
Inh VIP LOC108589153	RNAseq 19	CS201912132_19			Fenna Krienen	10.1101/2020.03.31.016972	primary motor cortex	UBERON:0001384	Marmoset	RNAseq	CCN201912132	Marmoset M1 taxonomy using 10X data		Cell Type	Inh VIP LOC108589153
Inh VIP FIGN	RNAseq 20	CS201912132_20			Fenna Krienen	10.1101/2020.03.31.016972	primary motor cortex	UBERON:0001384	Marmoset	RNAseq	CCN201912132	Marmoset M1 taxonomy using 10X data		Cell Type	Inh VIP FIGN
Inh VIP GPR149	RNAseq 21	CS201912132_21			Fenna Krienen	10.1101/2020.03.31.016972	primary motor cortex	UBERON:0001384	Marmoset	RNAseq	CCN201912132	Marmoset M1 taxonomy using 10X data		Cell Type	Inh VIP GPR149
Inh VIP LOC108588071	RNAseq 22	CS201912132_22			Fenna Krienen	10.1101/2020.03.31.016972	primary motor cortex	UBERON:0001384	Marmoset	RNAseq	CCN201912132	Marmoset M1 taxonomy using 10X data		Cell Type	Inh VIP LOC108588071
Inh VIP VAT1L	RNAseq 23	CS201912132_23			Fenna Krienen	10.1101/2020.03.31.016972	primary motor cortex	UBERON:0001384	Marmoset	RNAseq	CCN201912132	Marmoset M1 taxonomy using 10X data		Cell Type	Inh VIP VAT1L
Inh VIP CIT	RNAseq 24	CS201912132_24			Fenna Krienen	10.1101/2020.03.31.016972	primary motor cortex	UBERON:0001384	Marmoset	RNAseq	CCN201912132	Marmoset M1 taxonomy using 10X data		Cell Type	Inh VIP CIT
Inh VIP LOC108588539	RNAseq 25	CS201912132_25			Fenna Krienen	10.1101/2020.03.31.016972	primary motor cortex	UBERON:0001384	Marmoset	RNAseq	CCN201912132	Marmoset M1 taxonomy using 10X data		Cell Type	Inh VIP LOC108588539
Inh PAX6 MEIS2	RNAseq 26	CS201912132_26	Meis2		Fenna Krienen	10.1101/2020.03.31.016972	primary motor cortex	UBERON:0001384	Marmoset	RNAseq	CCN201912132	Marmoset M1 taxonomy using 10X data		"Cell Type,Subclass"	Inh PAX6 MEIS2
Inh SST LOC108589054	RNAseq 27	CS201912132_27		Sst_5	Fenna Krienen	10.1101/2020.03.31.016972	primary motor cortex	UBERON:0001384	Marmoset	RNAseq	CCN201912132	Marmoset M1 taxonomy using 10X data		Cell Type	Inh SST LOC108589054
Inh SST LOC108588801	RNAseq 28	CS201912132_28		Sst_6	Fenna Krienen	10.1101/2020.03.31.016972	primary motor cortex	UBERON:0001384	Marmoset	RNAseq	CCN201912132	Marmoset M1 taxonomy using 10X data		Cell Type	Inh SST LOC108588801
Inh SST LOC103788138	RNAseq 29	CS201912132_29		Sst_7	Fenna Krienen	10.1101/2020.03.31.016972	primary motor cortex	UBERON:0001384	Marmoset	RNAseq	CCN201912132	Marmoset M1 taxonomy using 10X data		Cell Type	Inh SST LOC103788138
Inh SST MPP5	RNAseq 30	CS201912132_30			Fenna Krienen	10.1101/2020.03.31.016972	primary motor cortex	UBERON:0001384	Marmoset	RNAseq	CCN201912132	Marmoset M1 taxonomy using 10X data		Cell Type	Inh SST MPP5
Inh SST KIRREL3	RNAseq 31	CS201912132_31			Fenna Krienen	10.1101/2020.03.31.016972	primary motor cortex	UBERON:0001384	Marmoset	RNAseq	CCN201912132	Marmoset M1 taxonomy using 10X data		Cell Type	Inh SST KIRREL3
Inh SST LOC103788660	RNAseq 32	CS201912132_32			Fenna Krienen	10.1101/2020.03.31.016972	primary motor cortex	UBERON:0001384	Marmoset	RNAseq	CCN201912132	Marmoset M1 taxonomy using 10X data		Cell Type	Inh SST LOC103788660
Inh SST CBLN4	RNAseq 33	CS201912132_33			Fenna Krienen	10.1101/2020.03.31.016972	primary motor cortex	UBERON:0001384	Marmoset	RNAseq	CCN201912132	Marmoset M1 taxonomy using 10X data		Cell Type	Inh SST CBLN4
Inh SST ABI3BP	RNAseq 34	CS201912132_34			Fenna Krienen	10.1101/2020.03.31.016972	primary motor cortex	UBERON:0001384	Marmoset	RNAseq	CCN201912132	Marmoset M1 taxonomy using 10X data		Cell Type	Inh SST ABI3BP
Inh SST TMEFF2	RNAseq 35	CS201912132_35			Fenna Krienen	10.1101/2020.03.31.016972	primary motor cortex	UBERON:0001384	Marmoset	RNAseq	CCN201912132	Marmoset M1 taxonomy using 10X data		Cell Type	Inh SST TMEFF2
Inh SST P4HA1	RNAseq 36	CS201912132_36			Fenna Krienen	10.1101/2020.03.31.016972	primary motor cortex	UBERON:0001384	Marmoset	RNAseq	CCN201912132	Marmoset M1 taxonomy using 10X data		Cell Type	Inh SST P4HA1
Inh SST LTBP1	RNAseq 37	CS201912132_37		Sst_4	Fenna Krienen	10.1101/2020.03.31.016972	primary motor cortex	UBERON:0001384	Marmoset	RNAseq	CCN201912132	Marmoset M1 taxonomy using 10X data		Cell Type	Inh SST LTBP1
Inh SST AIM1	RNAseq 38	CS201912132_38		Sst_1	Fenna Krienen	10.1101/2020.03.31.016972	primary motor cortex	UBERON:0001384	Marmoset	RNAseq	CCN201912132	Marmoset M1 taxonomy using 10X data		Cell Type	Inh SST AIM1
Inh SST VAPA	RNAseq 39	CS201912132_39		Sst_2	Fenna Krienen	10.1101/2020.03.31.016972	primary motor cortex	UBERON:0001384	Marmoset	RNAseq	CCN201912132	Marmoset M1 taxonomy using 10X data		Cell Type	Inh SST VAPA
Inh SST PCSK5	RNAseq 40	CS201912132_40			Fenna Krienen	10.1101/2020.03.31.016972	primary motor cortex	UBERON:0001384	Marmoset	RNAseq	CCN201912132	Marmoset M1 taxonomy using 10X data		Cell Type	Inh SST PCSK5
Inh PVALB OTOGL	RNAseq 41	CS201912132_41			Fenna Krienen	10.1101/2020.03.31.016972	primary motor cortex	UBERON:0001384	Marmoset	RNAseq	CCN201912132	Marmoset M1 taxonomy using 10X data		Cell Type	Inh PVALB OTOGL
Inh PVALB LOC103790362	RNAseq 42	CS201912132_42			Fenna Krienen	10.1101/2020.03.31.016972	primary motor cortex	UBERON:0001384	Marmoset	RNAseq	CCN201912132	Marmoset M1 taxonomy using 10X data		Cell Type	Inh PVALB LOC103790362
Inh PVALB OSBP2	RNAseq 43	CS201912132_43			Fenna Krienen	10.1101/2020.03.31.016972	primary motor cortex	UBERON:0001384	Marmoset	RNAseq	CCN201912132	Marmoset M1 taxonomy using 10X data		Cell Type	Inh PVALB OSBP2
Inh PVALB LOC103789439	RNAseq 44	CS201912132_44			Fenna Krienen	10.1101/2020.03.31.016972	primary motor cortex	UBERON:0001384	Marmoset	RNAseq	CCN201912132	Marmoset M1 taxonomy using 10X data		Cell Type	Inh PVALB LOC103789439
Inh PVALB GSTK1	RNAseq 45	CS201912132_45			Fenna Krienen	10.1101/2020.03.31.016972	primary motor cortex	UBERON:0001384	Marmoset	RNAseq	CCN201912132	Marmoset M1 taxonomy using 10X data		Cell Type	Inh PVALB GSTK1
Inh PVALB C8H7orf62	RNAseq 46	CS201912132_46			Fenna Krienen	10.1101/2020.03.31.016972	primary motor cortex	UBERON:0001384	Marmoset	RNAseq	CCN201912132	Marmoset M1 taxonomy using 10X data		Cell Type	Inh PVALB C8H7orf62
Inh PVALB SST LRRC6	RNAseq 47	CS201912132_47			Fenna Krienen	10.1101/2020.03.31.016972	primary motor cortex	UBERON:0001384	Marmoset	RNAseq	CCN201912132	Marmoset M1 taxonomy using 10X data		Cell Type	Inh PVALB SST LRRC6
Inh PVALB ADAMTS3	RNAseq 48	CS201912132_48			Fenna Krienen	10.1101/2020.03.31.016972	primary motor cortex	UBERON:0001384	Marmoset	RNAseq	CCN201912132	Marmoset M1 taxonomy using 10X data		Cell Type	Inh PVALB ADAMTS3
Inh PVALB SST EYS	RNAseq 49	CS201912132_49			Fenna Krienen	10.1101/2020.03.31.016972	primary motor cortex	UBERON:0001384	Marmoset	RNAseq	CCN201912132	Marmoset M1 taxonomy using 10X data		Cell Type	Inh PVALB SST EYS
Inh PVALB PCDH19	RNAseq 50	CS201912132_50			Fenna Krienen	10.1101/2020.03.31.016972	primary motor cortex	UBERON:0001384	Marmoset	RNAseq	CCN201912132	Marmoset M1 taxonomy using 10X data		Cell Type	Inh PVALB PCDH19
Inh PVALB KLHL29	RNAseq 51	CS201912132_51		Pvalb_2	Fenna Krienen	10.1101/2020.03.31.016972	primary motor cortex	UBERON:0001384	Marmoset	RNAseq	CCN201912132	Marmoset M1 taxonomy using 10X data		Cell Type	Inh PVALB KLHL29
Inh PVALB FAM19A4	RNAseq 52	CS201912132_52	Chandelier	Chandelier cell	Fenna Krienen	10.1101/2020.03.31.016972	primary motor cortex	UBERON:0001384	Marmoset	RNAseq	CCN201912132	Marmoset M1 taxonomy using 10X data		Cell Type	Inh PVALB FAM19A4
Exc THEMIS ANO3	RNAseq 53	CS201912132_53			Fenna Krienen	10.1101/2020.03.31.016972	primary motor cortex	UBERON:0001384	Marmoset	RNAseq	CCN201912132	Marmoset M1 taxonomy using 10X data		Cell Type	Exc THEMIS ANO3
Exc RORB LOC108588466	RNAseq 54	CS201912132_54			Fenna Krienen	10.1101/2020.03.31.016972	primary motor cortex	UBERON:0001384	Marmoset	RNAseq	CCN201912132	Marmoset M1 taxonomy using 10X data		Cell Type	Exc RORB LOC108588466
Exc RORB SERPINE2	RNAseq 55	CS201912132_55			Fenna Krienen	10.1101/2020.03.31.016972	primary motor cortex	UBERON:0001384	Marmoset	RNAseq	CCN201912132	Marmoset M1 taxonomy using 10X data		Cell Type	Exc RORB SERPINE2
Exc RORB NDST3	RNAseq 56	CS201912132_56			Fenna Krienen	10.1101/2020.03.31.016972	primary motor cortex	UBERON:0001384	Marmoset	RNAseq	CCN201912132	Marmoset M1 taxonomy using 10X data		Cell Type	Exc RORB NDST3
Exc RORB KNL1	RNAseq 57	CS201912132_57			Fenna Krienen	10.1101/2020.03.31.016972	primary motor cortex	UBERON:0001384	Marmoset	RNAseq	CCN201912132	Marmoset M1 taxonomy using 10X data		Cell Type	Exc RORB KNL1
Exc RORB CAV3	RNAseq 58	CS201912132_58			Fenna Krienen	10.1101/2020.03.31.016972	primary motor cortex	UBERON:0001384	Marmoset	RNAseq	CCN201912132	Marmoset M1 taxonomy using 10X data		Cell Type	Exc RORB CAV3
Exc THEMIS KCTD16	RNAseq 59	CS201912132_59		L6 IT_2	Fenna Krienen	10.1101/2020.03.31.016972	primary motor cortex	UBERON:0001384	Marmoset	RNAseq	CCN201912132	Marmoset M1 taxonomy using 10X data		Cell Type	Exc THEMIS KCTD16
Exc THEMIS COBL	RNAseq 60	CS201912132_60		L6 IT_1	Fenna Krienen	10.1101/2020.03.31.016972	primary motor cortex	UBERON:0001384	Marmoset	RNAseq	CCN201912132	Marmoset M1 taxonomy using 10X data		Cell Type	Exc THEMIS COBL
Exc RORB LOC108593203	RNAseq 61	CS201912132_61			Fenna Krienen	10.1101/2020.03.31.016972	primary motor cortex	UBERON:0001384	Marmoset	RNAseq	CCN201912132	Marmoset M1 taxonomy using 10X data		Cell Type	Exc RORB LOC108593203
Exc RORB ANKRD27	RNAseq 62	CS201912132_62			Fenna Krienen	10.1101/2020.03.31.016972	primary motor cortex	UBERON:0001384	Marmoset	RNAseq	CCN201912132	Marmoset M1 taxonomy using 10X data		Cell Type	Exc RORB ANKRD27
Exc RORB ACTA2	RNAseq 63	CS201912132_63			Fenna Krienen	10.1101/2020.03.31.016972	primary motor cortex	UBERON:0001384	Marmoset	RNAseq	CCN201912132	Marmoset M1 taxonomy using 10X data		Cell Type	Exc RORB ACTA2
Exc RORB USH1C	RNAseq 64	CS201912132_64			Fenna Krienen	10.1101/2020.03.31.016972	primary motor cortex	UBERON:0001384	Marmoset	RNAseq	CCN201912132	Marmoset M1 taxonomy using 10X data		Cell Type	Exc RORB USH1C
Exc RORB SLC38A11	RNAseq 65	CS201912132_65		L5 IT_3	Fenna Krienen	10.1101/2020.03.31.016972	primary motor cortex	UBERON:0001384	Marmoset	RNAseq	CCN201912132	Marmoset M1 taxonomy using 10X data		Cell Type	Exc RORB SLC38A11
Exc RORB PPA2	RNAseq 66	CS201912132_66			Fenna Krienen	10.1101/2020.03.31.016972	primary motor cortex	UBERON:0001384	Marmoset	RNAseq	CCN201912132	Marmoset M1 taxonomy using 10X data		Cell Type	Exc RORB PPA2
Exc RORB CHGA	RNAseq 67	CS201912132_67			Fenna Krienen	10.1101/2020.03.31.016972	primary motor cortex	UBERON:0001384	Marmoset	RNAseq	CCN201912132	Marmoset M1 taxonomy using 10X data		Cell Type	Exc RORB CHGA
Exc RORB HACL1	RNAseq 68	CS201912132_68			Fenna Krienen	10.1101/2020.03.31.016972	primary motor cortex	UBERON:0001384	Marmoset	RNAseq	CCN201912132	Marmoset M1 taxonomy using 10X data		Cell Type	Exc RORB HACL1
Oligo SLC1A3 LOC103793418	RNAseq 77	CS201912132_69			Fenna Krienen	10.1101/2020.03.31.016972	primary motor cortex	UBERON:0001384	Marmoset	RNAseq	CCN201912132	Marmoset M1 taxonomy using 10X data		Cell Type	Oligo SLC1A3 LOC103793418
Exc THEMIS ARL13B	RNAseq 69	CS201912132_70			Fenna Krienen	10.1101/2020.03.31.016972	primary motor cortex	UBERON:0001384	Marmoset	RNAseq	CCN201912132	Marmoset M1 taxonomy using 10X data		Cell Type	Exc THEMIS ARL13B
Exc FEZF2 PIEZO2	RNAseq 70	CS201912132_71			Fenna Krienen	10.1101/2020.03.31.016972	primary motor cortex	UBERON:0001384	Marmoset	RNAseq	CCN201912132	Marmoset M1 taxonomy using 10X data		Cell Type	Exc FEZF2 PIEZO2
Exc FEZF2 PDZRN4	RNAseq 71	CS201912132_72		L5 ET_2	Fenna Krienen	10.1101/2020.03.31.016972	primary motor cortex	UBERON:0001384	Marmoset	RNAseq	CCN201912132	Marmoset M1 taxonomy using 10X data		Cell Type	Exc FEZF2 PDZRN4
Exc FEZF2 RGS4	RNAseq 72	CS201912132_73		L6 CT_1	Fenna Krienen	10.1101/2020.03.31.016972	primary motor cortex	UBERON:0001384	Marmoset	RNAseq	CCN201912132	Marmoset M1 taxonomy using 10X data		Cell Type	Exc FEZF2 RGS4
Exc FEZF2 NRP1	RNAseq 73	CS201912132_74		L6 CT_2	Fenna Krienen	10.1101/2020.03.31.016972	primary motor cortex	UBERON:0001384	Marmoset	RNAseq	CCN201912132	Marmoset M1 taxonomy using 10X data		Cell Type	Exc FEZF2 NRP1
Exc FEZF2 ARSJ	RNAseq 74	CS201912132_75	L6b	L6b	Fenna Krienen	10.1101/2020.03.31.016972	primary motor cortex	UBERON:0001384	Marmoset	RNAseq	CCN201912132	Marmoset M1 taxonomy using 10X data		"Cell Type,Subclass"	Exc FEZF2 ARSJ
Exc THEMIS NTNG2	RNAseq 75	CS201912132_76	L6 IT Car3	L6 IT_3	Fenna Krienen	10.1101/2020.03.31.016972	primary motor cortex	UBERON:0001384	Marmoset	RNAseq	CCN201912132	Marmoset M1 taxonomy using 10X data		"Cell Type,Subclass"	Exc THEMIS NTNG2
Exc FEZF2 CRYM	RNAseq 76	CS201912132_77	L5/6 NP	L5/6 NP	Fenna Krienen	10.1101/2020.03.31.016972	primary motor cortex	UBERON:0001384	Marmoset	RNAseq	CCN201912132	Marmoset M1 taxonomy using 10X data		"Cell Type,Subclass"	Exc FEZF2 CRYM
OPC PDGFRA VCAN	RNAseq 78	CS201912132_78	OPC	OPC	Fenna Krienen	10.1101/2020.03.31.016972	primary motor cortex	UBERON:0001384	Marmoset	RNAseq	CCN201912132	Marmoset M1 taxonomy using 10X data		"Cell Type,Subclass"	OPC PDGFRA VCAN
Astro FGFR3 EPHB1	RNAseq 79	CS201912132_79			Fenna Krienen	10.1101/2020.03.31.016972	primary motor cortex	UBERON:0001384	Marmoset	RNAseq	CCN201912132	Marmoset M1 taxonomy using 10X data		Cell Type	Astro FGFR3 EPHB1
Astro FGFR3 NWD1	RNAseq 80	CS201912132_80			Fenna Krienen	10.1101/2020.03.31.016972	primary motor cortex	UBERON:0001384	Marmoset	RNAseq	CCN201912132	Marmoset M1 taxonomy using 10X data		Cell Type	Astro FGFR3 NWD1
Astro FGFR3 RCN2	RNAseq 81	CS201912132_81			Fenna Krienen	10.1101/2020.03.31.016972	primary motor cortex	UBERON:0001384	Marmoset	RNAseq	CCN201912132	Marmoset M1 taxonomy using 10X data		Cell Type	Astro FGFR3 RCN2
Astro FGFR3 GFAP	RNAseq 82	CS201912132_82		Astro_1	Fenna Krienen	10.1101/2020.03.31.016972	primary motor cortex	UBERON:0001384	Marmoset	RNAseq	CCN201912132	Marmoset M1 taxonomy using 10X data		Cell Type	Astro FGFR3 GFAP
Oligo OPALIN LOC103790018	RNAseq 83	CS201912132_83		Oligo_2	Fenna Krienen	10.1101/2020.03.31.016972	primary motor cortex	UBERON:0001384	Marmoset	RNAseq	CCN201912132	Marmoset M1 taxonomy using 10X data		Cell Type	Oligo OPALIN LOC103790018
Oligo OPALIN MOBP	RNAseq 84	CS201912132_84		Oligo_1	Fenna Krienen	10.1101/2020.03.31.016972	primary motor cortex	UBERON:0001384	Marmoset	RNAseq	CCN201912132	Marmoset M1 taxonomy using 10X data		Cell Type	Oligo OPALIN MOBP
Endo NOSTRIN IL1R1	RNAseq 85	CS201912132_85			Fenna Krienen	10.1101/2020.03.31.016972	primary motor cortex	UBERON:0001384	Marmoset	RNAseq	CCN201912132	Marmoset M1 taxonomy using 10X data		Cell Type	Endo NOSTRIN IL1R1
Endo NOSTRIN CXCL12	RNAseq 86	CS201912132_86			Fenna Krienen	10.1101/2020.03.31.016972	primary motor cortex	UBERON:0001384	Marmoset	RNAseq	CCN201912132	Marmoset M1 taxonomy using 10X data		Cell Type	Endo NOSTRIN CXCL12
Glia SLC1A3 FBLN5	RNAseq 87	CS201912132_87			Fenna Krienen	10.1101/2020.03.31.016972	primary motor cortex	UBERON:0001384	Marmoset	RNAseq	CCN201912132	Marmoset M1 taxonomy using 10X data		Cell Type	Glia SLC1A3 FBLN5
Peri SLC1A3 CHST3	RNAseq 88	CS201912132_88			Fenna Krienen	10.1101/2020.03.31.016972	primary motor cortex	UBERON:0001384	Marmoset	RNAseq	CCN201912132	Marmoset M1 taxonomy using 10X data		Cell Type	Peri SLC1A3 CHST3
Peri SLC1A3 EPSTI1	RNAseq 89	CS201912132_89			Fenna Krienen	10.1101/2020.03.31.016972	primary motor cortex	UBERON:0001384	Marmoset	RNAseq	CCN201912132	Marmoset M1 taxonomy using 10X data		Cell Type	Peri SLC1A3 EPSTI1
VLMC PDGFRA C7	RNAseq 90	CS201912132_90			Fenna Krienen	10.1101/2020.03.31.016972	primary motor cortex	UBERON:0001384	Marmoset	RNAseq	CCN201912132	Marmoset M1 taxonomy using 10X data		Cell Type	VLMC PDGFRA C7
VLMC SLC1A3 CEMIP	RNAseq 91	CS201912132_91			Fenna Krienen	10.1101/2020.03.31.016972	primary motor cortex	UBERON:0001384	Marmoset	RNAseq	CCN201912132	Marmoset M1 taxonomy using 10X data		Cell Type	VLMC SLC1A3 CEMIP
VLMC SLC1A3 SLC13A3	RNAseq 92	CS201912132_92			Fenna Krienen	10.1101/2020.03.31.016972	primary motor cortex	UBERON:0001384	Marmoset	RNAseq	CCN201912132	Marmoset M1 taxonomy using 10X data		Cell Type	VLMC SLC1A3 SLC13A3
VLMC SLC1A3 SLC47A1	RNAseq 93	CS201912132_93			Fenna Krienen	10.1101/2020.03.31.016972	primary motor cortex	UBERON:0001384	Marmoset	RNAseq	CCN201912132	Marmoset M1 taxonomy using 10X data		Cell Type	VLMC SLC1A3 SLC47A1
Micro TYROBP LOC103788313	RNAseq 94	CS201912132_94	Microglia-PVM		Fenna Krienen	10.1101/2020.03.31.016972	primary motor cortex	UBERON:0001384	Marmoset	RNAseq	CCN201912132	Marmoset M1 taxonomy using 10X data		"Cell Type,Subclass"	Micro TYROBP LOC103788313
Lamp5	RNAseq 02-07	CS201912132_95	Lamp5		Fenna Krienen	10.1101/2020.03.31.016972	primary motor cortex	UBERON:0001384	Marmoset	RNAseq	CCN201912132	Marmoset M1 taxonomy using 10X data	CS201912132_2|CS201912132_3|CS201912132_4|CS201912132_5|CS201912132_6|CS201912132_7	Subclass	
Sncg	RNAseq 08-14	CS201912132_96	Sncg		Fenna Krienen	10.1101/2020.03.31.016972	primary motor cortex	UBERON:0001384	Marmoset	RNAseq	CCN201912132	Marmoset M1 taxonomy using 10X data	CS201912132_8|CS201912132_9|CS201912132_10|CS201912132_11|CS201912132_12|CS201912132_13|CS201912132_14	Subclass	
Vip	RNAseq 15-25	CS201912132_97	Vip		Fenna Krienen	10.1101/2020.03.31.016972	primary motor cortex	UBERON:0001384	Marmoset	RNAseq	CCN201912132	Marmoset M1 taxonomy using 10X data	CS201912132_15|CS201912132_16|CS201912132_17|CS201912132_18|CS201912132_19|CS201912132_20|CS201912132_21|CS201912132_22|CS201912132_23|CS201912132_24|CS201912132_25	Subclass	
Sst	"RNAseq 27-40, 47"	CS201912132_98	Sst		Fenna Krienen	10.1101/2020.03.31.016972	primary motor cortex	UBERON:0001384	Marmoset	RNAseq	CCN201912132	Marmoset M1 taxonomy using 10X data	CS201912132_27|CS201912132_28|CS201912132_29|CS201912132_30|CS201912132_31|CS201912132_32|CS201912132_33|CS201912132_34|CS201912132_35|CS201912132_36|CS201912132_37|CS201912132_38|CS201912132_39|CS201912132_40|CS201912132_47	Subclass	
Pvalb	"RNAseq 41-46, 48-52"	CS201912132_99	Pvalb		Fenna Krienen	10.1101/2020.03.31.016972	primary motor cortex	UBERON:0001384	Marmoset	RNAseq	CCN201912132	Marmoset M1 taxonomy using 10X data	CS201912132_41|CS201912132_42|CS201912132_43|CS201912132_44|CS201912132_45|CS201912132_46|CS201912132_48|CS201912132_49|CS201912132_50|CS201912132_51|CS201912132_52	Subclass	
L2/3 IT	RNAseq 53-56	CS201912132_100	L2/3 IT	L2/3 IT	Fenna Krienen	10.1101/2020.03.31.016972	primary motor cortex	UBERON:0001384	Marmoset	RNAseq	CCN201912132	Marmoset M1 taxonomy using 10X data	CS201912132_53|CS201912132_54|CS201912132_55|CS201912132_56	Subclass	n67
L5 IT	"RNAseq 57-58, 61-68"	CS201912132_101	L5 IT		Fenna Krienen	10.1101/2020.03.31.016972	primary motor cortex	UBERON:0001384	Marmoset	RNAseq	CCN201912132	Marmoset M1 taxonomy using 10X data	CS201912132_57|CS201912132_58|CS201912132_61|CS201912132_62|CS201912132_63|CS201912132_64|CS201912132_65|CS201912132_66|CS201912132_67|CS201912132_68	Subclass	
L6 IT	RNAseq 59-60	CS201912132_102	L6 IT		Fenna Krienen	10.1101/2020.03.31.016972	primary motor cortex	UBERON:0001384	Marmoset	RNAseq	CCN201912132	Marmoset M1 taxonomy using 10X data	CS201912132_59|CS201912132_60	Subclass	n70
L5 ET	RNAseq 69-71	CS201912132_103	L5 ET		Fenna Krienen	10.1101/2020.03.31.016972	primary motor cortex	UBERON:0001384	Marmoset	RNAseq	CCN201912132	Marmoset M1 taxonomy using 10X data	CS201912132_70|CS201912132_71|CS201912132_72	Subclass	n77
L6 CT	RNAseq 72-73	CS201912132_104	L6 CT		Fenna Krienen	10.1101/2020.03.31.016972	primary motor cortex	UBERON:0001384	Marmoset	RNAseq	CCN201912132	Marmoset M1 taxonomy using 10X data	CS201912132_73|CS201912132_74	Subclass	n80
Oligo	"RNAseq 77, 83-84"	CS201912132_105	Oligodendrocyte		Fenna Krienen	10.1101/2020.03.31.016972	primary motor cortex	UBERON:0001384	Marmoset	RNAseq	CCN201912132	Marmoset M1 taxonomy using 10X data	CS201912132_69|CS201912132_83|CS201912132_84	Subclass	
Astro	RNAseq 79-82	CS201912132_106	Astrocyte		Fenna Krienen	10.1101/2020.03.31.016972	primary motor cortex	UBERON:0001384	Marmoset	RNAseq	CCN201912132	Marmoset M1 taxonomy using 10X data	CS201912132_79|CS201912132_80|CS201912132_81|CS201912132_82	Subclass	n82
Endo	RNAseq 85-87	CS201912132_107	Endothelial	Endo	Fenna Krienen	10.1101/2020.03.31.016972	primary motor cortex	UBERON:0001384	Marmoset	RNAseq	CCN201912132	Marmoset M1 taxonomy using 10X data	CS201912132_85|CS201912132_86|CS201912132_87	Subclass	n88
Peri	RNAseq 88-89	CS201912132_108	Pericyte	Peri	Fenna Krienen	10.1101/2020.03.31.016972	primary motor cortex	UBERON:0001384	Marmoset	RNAseq	CCN201912132	Marmoset M1 taxonomy using 10X data	CS201912132_88|CS201912132_89	Subclass	n90
VLMC	RNAseq 90-93	CS201912132_109	VLMC		Fenna Krienen	10.1101/2020.03.31.016972	primary motor cortex	UBERON:0001384	Marmoset	RNAseq	CCN201912132	Marmoset M1 taxonomy using 10X data	CS201912132_90|CS201912132_91|CS201912132_92|CS201912132_93	Subclass	n91
MGE	"RNAseq 01, 27-52"	CS201912132_110	MGE		Fenna Krienen	10.1101/2020.03.31.016972	primary motor cortex	UBERON:0001384	Marmoset	RNAseq	CCN201912132	Marmoset M1 taxonomy using 10X data	CS201912132_1|CS201912132_27|CS201912132_28|CS201912132_29|CS201912132_30|CS201912132_31|CS201912132_32|CS201912132_33|CS201912132_34|CS201912132_35|CS201912132_36|CS201912132_37|CS201912132_38|CS201912132_39|CS201912132_40|CS201912132_41|CS201912132_42|CS201912132_43|CS201912132_44|CS201912132_45|CS201912132_46|CS201912132_47|CS201912132_48|CS201912132_49|CS201912132_50|CS201912132_51|CS201912132_52	No	
CGE/PoA	RNAseq 02-26	CS201912132_111	CGE/PoA		Fenna Krienen	10.1101/2020.03.31.016972	primary motor cortex	UBERON:0001384	Marmoset	RNAseq	CCN201912132	Marmoset M1 taxonomy using 10X data	CS201912132_2|CS201912132_3|CS201912132_4|CS201912132_5|CS201912132_6|CS201912132_7|CS201912132_8|CS201912132_9|CS201912132_10|CS201912132_11|CS201912132_12|CS201912132_13|CS201912132_14|CS201912132_15|CS201912132_16|CS201912132_17|CS201912132_18|CS201912132_19|CS201912132_20|CS201912132_21|CS201912132_22|CS201912132_23|CS201912132_24|CS201912132_25|CS201912132_26	No	
IT projecting	"RNAseq 53-68, 75"	CS201912132_112	IT projecting		Fenna Krienen	10.1101/2020.03.31.016972	primary motor cortex	UBERON:0001384	Marmoset	RNAseq	CCN201912132	Marmoset M1 taxonomy using 10X data	CS201912132_53|CS201912132_54|CS201912132_55|CS201912132_56|CS201912132_57|CS201912132_58|CS201912132_59|CS201912132_60|CS201912132_61|CS201912132_62|CS201912132_63|CS201912132_64|CS201912132_65|CS201912132_66|CS201912132_67|CS201912132_68|CS201912132_76	No	
Non-IT projecting	RNAseq 69-76	CS201912132_113	Non-IT projecting		Fenna Krienen	10.1101/2020.03.31.016972	primary motor cortex	UBERON:0001384	Marmoset	RNAseq	CCN201912132	Marmoset M1 taxonomy using 10X data	CS201912132_70|CS201912132_71|CS201912132_72|CS201912132_73|CS201912132_74|CS201912132_75|CS201912132_76|CS201912132_77	No	
Oligo-OPC	"RNAseq 77-78, 83-84"	CS201912132_114	Oligodendrocyte-OPC		Fenna Krienen	10.1101/2020.03.31.016972	primary motor cortex	UBERON:0001384	Marmoset	RNAseq	CCN201912132	Marmoset M1 taxonomy using 10X data	CS201912132_69|CS201912132_78|CS201912132_83|CS201912132_84	No	
Other NN	RNAseq 85-94	CS201912132_115	Non-neural		Fenna Krienen	10.1101/2020.03.31.016972	primary motor cortex	UBERON:0001384	Marmoset	RNAseq	CCN201912132	Marmoset M1 taxonomy using 10X data	CS201912132_85|CS201912132_86|CS201912132_87|CS201912132_88|CS201912132_89|CS201912132_90|CS201912132_91|CS201912132_92|CS201912132_93|CS201912132_94	Class	
GABAergic	RNAseq 01-52	CS201912132_116	Neuronal: GABAergic		Fenna Krienen	10.1101/2020.03.31.016972	primary motor cortex	UBERON:0001384	Marmoset	RNAseq	CCN201912132	Marmoset M1 taxonomy using 10X data	CS201912132_1|CS201912132_2|CS201912132_3|CS201912132_4|CS201912132_5|CS201912132_6|CS201912132_7|CS201912132_8|CS201912132_9|CS201912132_10|CS201912132_11|CS201912132_12|CS201912132_13|CS201912132_14|CS201912132_15|CS201912132_16|CS201912132_17|CS201912132_18|CS201912132_19|CS201912132_20|CS201912132_21|CS201912132_22|CS201912132_23|CS201912132_24|CS201912132_25|CS201912132_26|CS201912132_27|CS201912132_28|CS201912132_29|CS201912132_30|CS201912132_31|CS201912132_32|CS201912132_33|CS201912132_34|CS201912132_35|CS201912132_36|CS201912132_37|CS201912132_38|CS201912132_39|CS201912132_40|CS201912132_41|CS201912132_42|CS201912132_43|CS201912132_44|CS201912132_45|CS201912132_46|CS201912132_47|CS201912132_48|CS201912132_49|CS201912132_50|CS201912132_51|CS201912132_52	Class	
Glutamatergic	RNAseq 53-76	CS201912132_117	Neuronal: Glutamatergic		Fenna Krienen	10.1101/2020.03.31.016972	primary motor cortex	UBERON:0001384	Marmoset	RNAseq	CCN201912132	Marmoset M1 taxonomy using 10X data	CS201912132_53|CS201912132_54|CS201912132_55|CS201912132_56|CS201912132_57|CS201912132_58|CS201912132_59|CS201912132_60|CS201912132_61|CS201912132_62|CS201912132_63|CS201912132_64|CS201912132_65|CS201912132_66|CS201912132_67|CS201912132_68|CS201912132_70|CS201912132_71|CS201912132_72|CS201912132_73|CS201912132_74|CS201912132_75|CS201912132_76|CS201912132_77	Class	n57
Non-Neuronal	RNAseq 77-84	CS201912132_118	Non-neuronal		Fenna Krienen	10.1101/2020.03.31.016972	primary motor cortex	UBERON:0001384	Marmoset	RNAseq	CCN201912132	Marmoset M1 taxonomy using 10X data	CS201912132_69|CS201912132_78|CS201912132_79|CS201912132_80|CS201912132_81|CS201912132_82|CS201912132_83|CS201912132_84	Class	
Sst Chodl(i)	"RNAseq 01, 30"	CS201912132_119		Sst Chodl	Nikolas Jorstad	10.1101/2020.03.31.016972	primary motor cortex	UBERON:0001384	Marmoset	RNAseq	CCN201912132	Marmoset M1 taxonomy using 10X data	CS201912132_1|CS201912132_30	No	
Lamp5_C2	RNAseq 05-06	CS201912132_120		Lamp5_2	Nikolas Jorstad	10.1101/2020.03.31.016972	primary motor cortex	UBERON:0001384	Marmoset	RNAseq	CCN201912132	Marmoset M1 taxonomy using 10X data	CS201912132_5|CS201912132_6	No	n10
Sncg_C1	"RNAseq 09, 12"	CS201912132_121		Sncg_1	Nikolas Jorstad	10.1101/2020.03.31.016972	primary motor cortex	UBERON:0001384	Marmoset	RNAseq	CCN201912132	Marmoset M1 taxonomy using 10X data	CS201912132_9|CS201912132_12	No	
Sncg_C3	RNAseq 10-11	CS201912132_122		Sncg_3	Nikolas Jorstad	10.1101/2020.03.31.016972	primary motor cortex	UBERON:0001384	Marmoset	RNAseq	CCN201912132	Marmoset M1 taxonomy using 10X data	CS201912132_10|CS201912132_11	No	n19
Sncg_C4	RNAseq 13-14	CS201912132_123		Sncg_4	Nikolas Jorstad	10.1101/2020.03.31.016972	primary motor cortex	UBERON:0001384	Marmoset	RNAseq	CCN201912132	Marmoset M1 taxonomy using 10X data	CS201912132_13|CS201912132_14	No	n22
Vip_C4	"RNAseq 15, 25"	CS201912132_124		Vip_4	Nikolas Jorstad	10.1101/2020.03.31.016972	primary motor cortex	UBERON:0001384	Marmoset	RNAseq	CCN201912132	Marmoset M1 taxonomy using 10X data	CS201912132_15|CS201912132_25	No	
Vip_C2	"RNAseq 16-18, 24"	CS201912132_125		Vip_2	Nikolas Jorstad	10.1101/2020.03.31.016972	primary motor cortex	UBERON:0001384	Marmoset	RNAseq	CCN201912132	Marmoset M1 taxonomy using 10X data	CS201912132_16|CS201912132_17|CS201912132_18|CS201912132_24	No	
Vip_C1	RNAseq 19-20	CS201912132_126		Vip_1	Nikolas Jorstad	10.1101/2020.03.31.016972	primary motor cortex	UBERON:0001384	Marmoset	RNAseq	CCN201912132	Marmoset M1 taxonomy using 10X data	CS201912132_19|CS201912132_20	No	n27
Vip_C3	RNAseq 21-23	CS201912132_127		Vip_3	Nikolas Jorstad	10.1101/2020.03.31.016972	primary motor cortex	UBERON:0001384	Marmoset	RNAseq	CCN201912132	Marmoset M1 taxonomy using 10X data	CS201912132_21|CS201912132_22|CS201912132_23	No	n29
Sst_C3	"RNAseq 31-36, 40, 47"	CS201912132_128		Sst_3	Nikolas Jorstad	10.1101/2020.03.31.016972	primary motor cortex	UBERON:0001384	Marmoset	RNAseq	CCN201912132	Marmoset M1 taxonomy using 10X data	CS201912132_31|CS201912132_32|CS201912132_33|CS201912132_34|CS201912132_35|CS201912132_36|CS201912132_40|CS201912132_47	No	
Pvalb_C1	"RNAseq 41-46, 48-50"	CS201912132_129		Pvalb_1	Nikolas Jorstad	10.1101/2020.03.31.016972	primary motor cortex	UBERON:0001384	Marmoset	RNAseq	CCN201912132	Marmoset M1 taxonomy using 10X data	CS201912132_41|CS201912132_42|CS201912132_43|CS201912132_44|CS201912132_45|CS201912132_46|CS201912132_48|CS201912132_49|CS201912132_50	No	
L5 IT_C1	"RNAseq 57-58, 61-64"	CS201912132_130		L5 IT_1	Nikolas Jorstad	10.1101/2020.03.31.016972	primary motor cortex	UBERON:0001384	Marmoset	RNAseq	CCN201912132	Marmoset M1 taxonomy using 10X data	CS201912132_57|CS201912132_58|CS201912132_61|CS201912132_62|CS201912132_63|CS201912132_64	No	
L5 IT_C2	RNAseq 66-68	CS201912132_131		L5 IT_2	Nikolas Jorstad	10.1101/2020.03.31.016972	primary motor cortex	UBERON:0001384	Marmoset	RNAseq	CCN201912132	Marmoset M1 taxonomy using 10X data	CS201912132_66|CS201912132_67|CS201912132_68	No	n75
L5 ET_C1	RNAseq 69-70	CS201912132_132		L5 ET_1	Nikolas Jorstad	10.1101/2020.03.31.016972	primary motor cortex	UBERON:0001384	Marmoset	RNAseq	CCN201912132	Marmoset M1 taxonomy using 10X data	CS201912132_70|CS201912132_71	No	n78
Astro_C2	RNAseq 79-81	CS201912132_133		Astro_2	Nikolas Jorstad	10.1101/2020.03.31.016972	primary motor cortex	UBERON:0001384	Marmoset	RNAseq	CCN201912132	Marmoset M1 taxonomy using 10X data	CS201912132_79|CS201912132_80|CS201912132_81	No	n83
VLMC(i)	RNAseq 90-92	CS201912132_134		VLMC	Nikolas Jorstad	10.1101/2020.03.31.016972	primary motor cortex	UBERON:0001384	Marmoset	RNAseq	CCN201912132	Marmoset M1 taxonomy using 10X data	CS201912132_90|CS201912132_91|CS201912132_92	No	n92
All cells	RNAseq 01-94	CS201912132_135			Nikolas Jorstad	10.1101/2020.03.31.016972	primary motor cortex	UBERON:0001384	Marmoset	RNAseq	CCN201912132	Marmoset M1 taxonomy using 10X data	CS201912132_1|CS201912132_2|CS201912132_3|CS201912132_4|CS201912132_5|CS201912132_6|CS201912132_7|CS201912132_8|CS201912132_9|CS201912132_10|CS201912132_11|CS201912132_12|CS201912132_13|CS201912132_14|CS201912132_15|CS201912132_16|CS201912132_17|CS201912132_18|CS201912132_19|CS201912132_20|CS201912132_21|CS201912132_22|CS201912132_23|CS201912132_24|CS201912132_25|CS201912132_26|CS201912132_27|CS201912132_28|CS201912132_29|CS201912132_30|CS201912132_31|CS201912132_32|CS201912132_33|CS201912132_34|CS201912132_35|CS201912132_36|CS201912132_37|CS201912132_38|CS201912132_39|CS201912132_40|CS201912132_41|CS201912132_42|CS201912132_43|CS201912132_44|CS201912132_45|CS201912132_46|CS201912132_47|CS201912132_48|CS201912132_49|CS201912132_50|CS201912132_51|CS201912132_52|CS201912132_53|CS201912132_54|CS201912132_55|CS201912132_56|CS201912132_57|CS201912132_58|CS201912132_59|CS201912132_60|CS201912132_61|CS201912132_62|CS201912132_63|CS201912132_64|CS201912132_65|CS201912132_66|CS201912132_67|CS201912132_68|CS201912132_69|CS201912132_70|CS201912132_71|CS201912132_72|CS201912132_73|CS201912132_74|CS201912132_75|CS201912132_76|CS201912132_77|CS201912132_78|CS201912132_79|CS201912132_80|CS201912132_81|CS201912132_82|CS201912132_83|CS201912132_84|CS201912132_85|CS201912132_86|CS201912132_87|CS201912132_88|CS201912132_89|CS201912132_90|CS201912132_91|CS201912132_92|CS201912132_93|CS201912132_94	No	n1
	RNAseq 01-93	CS201912132_136			Fenna Krienen	10.1101/2020.03.31.016972	primary motor cortex	UBERON:0001384	Marmoset	RNAseq	CCN201912132	Marmoset M1 taxonomy using 10X data	CS201912132_69|CS201912132_78|CS201912132_83|CS201912132_84	No	n2
	RNAseq 01-84	CS201912132_137			Fenna Krienen	10.1101/2020.03.31.016972	primary motor cortex	UBERON:0001384	Marmoset	RNAseq	CCN201912132	Marmoset M1 taxonomy using 10X data	CS201912132_69|CS201912132_78|CS201912132_83|CS201912132_84	No	n3
	RNAseq 01-78	CS201912132_138			Fenna Krienen	10.1101/2020.03.31.016972	primary motor cortex	UBERON:0001384	Marmoset	RNAseq	CCN201912132	Marmoset M1 taxonomy using 10X data	CS201912132_69|CS201912132_78|CS201912132_83|CS201912132_84	No	n4
	RNAseq 01-76	CS201912132_139			Fenna Krienen	10.1101/2020.03.31.016972	primary motor cortex	UBERON:0001384	Marmoset	RNAseq	CCN201912132	Marmoset M1 taxonomy using 10X data	CS201912132_69|CS201912132_78|CS201912132_83|CS201912132_84	No	n5
	RNAseq 02-76	CS201912132_140			Fenna Krienen	10.1101/2020.03.31.016972	primary motor cortex	UBERON:0001384	Marmoset	RNAseq	CCN201912132	Marmoset M1 taxonomy using 10X data	CS201912132_69|CS201912132_78|CS201912132_83|CS201912132_84	No	n6
	RNAseq 02-06	CS201912132_141			Fenna Krienen	10.1101/2020.03.31.016972	primary motor cortex	UBERON:0001384	Marmoset	RNAseq	CCN201912132	Marmoset M1 taxonomy using 10X data	CS201912132_69|CS201912132_78|CS201912132_83|CS201912132_84	No	n7
	RNAseq 02-03	CS201912132_142			Fenna Krienen	10.1101/2020.03.31.016972	primary motor cortex	UBERON:0001384	Marmoset	RNAseq	CCN201912132	Marmoset M1 taxonomy using 10X data	CS201912132_69|CS201912132_78|CS201912132_83|CS201912132_84	No	n8
	RNAseq 04-06	CS201912132_143			Fenna Krienen	10.1101/2020.03.31.016972	primary motor cortex	UBERON:0001384	Marmoset	RNAseq	CCN201912132	Marmoset M1 taxonomy using 10X data	CS201912132_69|CS201912132_78|CS201912132_83|CS201912132_84	No	n9
	RNAseq 07-76	CS201912132_144			Fenna Krienen	10.1101/2020.03.31.016972	primary motor cortex	UBERON:0001384	Marmoset	RNAseq	CCN201912132	Marmoset M1 taxonomy using 10X data	CS201912132_69|CS201912132_78|CS201912132_83|CS201912132_84	No	n11
	RNAseq 07-52	CS201912132_145			Fenna Krienen	10.1101/2020.03.31.016972	primary motor cortex	UBERON:0001384	Marmoset	RNAseq	CCN201912132	Marmoset M1 taxonomy using 10X data	CS201912132_69|CS201912132_78|CS201912132_83|CS201912132_84	No	n12
	RNAseq 07-26	CS201912132_146			Fenna Krienen	10.1101/2020.03.31.016972	primary motor cortex	UBERON:0001384	Marmoset	RNAseq	CCN201912132	Marmoset M1 taxonomy using 10X data	CS201912132_69|CS201912132_78|CS201912132_83|CS201912132_84	No	n13
	RNAseq 07-25	CS201912132_147			Fenna Krienen	10.1101/2020.03.31.016972	primary motor cortex	UBERON:0001384	Marmoset	RNAseq	CCN201912132	Marmoset M1 taxonomy using 10X data	CS201912132_69|CS201912132_78|CS201912132_83|CS201912132_84	No	n14
	RNAseq 07-15	CS201912132_148			Fenna Krienen	10.1101/2020.03.31.016972	primary motor cortex	UBERON:0001384	Marmoset	RNAseq	CCN201912132	Marmoset M1 taxonomy using 10X data	CS201912132_69|CS201912132_78|CS201912132_83|CS201912132_84	No	n15
	RNAseq 07-11	CS201912132_149			Fenna Krienen	10.1101/2020.03.31.016972	primary motor cortex	UBERON:0001384	Marmoset	RNAseq	CCN201912132	Marmoset M1 taxonomy using 10X data	CS201912132_69|CS201912132_78|CS201912132_83|CS201912132_84	No	n16
	RNAseq 07-09	CS201912132_150			Fenna Krienen	10.1101/2020.03.31.016972	primary motor cortex	UBERON:0001384	Marmoset	RNAseq	CCN201912132	Marmoset M1 taxonomy using 10X data	CS201912132_69|CS201912132_78|CS201912132_83|CS201912132_84	No	n17
	RNAseq 08-09	CS201912132_151			Fenna Krienen	10.1101/2020.03.31.016972	primary motor cortex	UBERON:0001384	Marmoset	RNAseq	CCN201912132	Marmoset M1 taxonomy using 10X data	CS201912132_69|CS201912132_78|CS201912132_83|CS201912132_84	No	n18
	RNAseq 12-15	CS201912132_152			Fenna Krienen	10.1101/2020.03.31.016972	primary motor cortex	UBERON:0001384	Marmoset	RNAseq	CCN201912132	Marmoset M1 taxonomy using 10X data	CS201912132_69|CS201912132_78|CS201912132_83|CS201912132_84	No	n20
	RNAseq 12-14	CS201912132_153			Fenna Krienen	10.1101/2020.03.31.016972	primary motor cortex	UBERON:0001384	Marmoset	RNAseq	CCN201912132	Marmoset M1 taxonomy using 10X data	CS201912132_69|CS201912132_78|CS201912132_83|CS201912132_84	No	n21
	RNAseq 16-25	CS201912132_154			Fenna Krienen	10.1101/2020.03.31.016972	primary motor cortex	UBERON:0001384	Marmoset	RNAseq	CCN201912132	Marmoset M1 taxonomy using 10X data	CS201912132_69|CS201912132_78|CS201912132_83|CS201912132_84	No	n23
	RNAseq 16-17	CS201912132_155			Fenna Krienen	10.1101/2020.03.31.016972	primary motor cortex	UBERON:0001384	Marmoset	RNAseq	CCN201912132	Marmoset M1 taxonomy using 10X data	CS201912132_69|CS201912132_78|CS201912132_83|CS201912132_84	No	n24
	RNAseq 18-25	CS201912132_156			Fenna Krienen	10.1101/2020.03.31.016972	primary motor cortex	UBERON:0001384	Marmoset	RNAseq	CCN201912132	Marmoset M1 taxonomy using 10X data	CS201912132_69|CS201912132_78|CS201912132_83|CS201912132_84	No	n25
	RNAseq 18-20	CS201912132_157			Fenna Krienen	10.1101/2020.03.31.016972	primary motor cortex	UBERON:0001384	Marmoset	RNAseq	CCN201912132	Marmoset M1 taxonomy using 10X data	CS201912132_69|CS201912132_78|CS201912132_83|CS201912132_84	No	n26
	RNAseq 21-25	CS201912132_158			Fenna Krienen	10.1101/2020.03.31.016972	primary motor cortex	UBERON:0001384	Marmoset	RNAseq	CCN201912132	Marmoset M1 taxonomy using 10X data	CS201912132_69|CS201912132_78|CS201912132_83|CS201912132_84	No	n28
	RNAseq 22-23	CS201912132_159			Fenna Krienen	10.1101/2020.03.31.016972	primary motor cortex	UBERON:0001384	Marmoset	RNAseq	CCN201912132	Marmoset M1 taxonomy using 10X data	CS201912132_69|CS201912132_78|CS201912132_83|CS201912132_84	No	n30
	RNAseq 24-25	CS201912132_160			Fenna Krienen	10.1101/2020.03.31.016972	primary motor cortex	UBERON:0001384	Marmoset	RNAseq	CCN201912132	Marmoset M1 taxonomy using 10X data	CS201912132_69|CS201912132_78|CS201912132_83|CS201912132_84	No	n31
	RNAseq 27-52	CS201912132_161			Fenna Krienen	10.1101/2020.03.31.016972	primary motor cortex	UBERON:0001384	Marmoset	RNAseq	CCN201912132	Marmoset M1 taxonomy using 10X data	CS201912132_69|CS201912132_78|CS201912132_83|CS201912132_84	No	n32
	RNAseq 27-40	CS201912132_162			Fenna Krienen	10.1101/2020.03.31.016972	primary motor cortex	UBERON:0001384	Marmoset	RNAseq	CCN201912132	Marmoset M1 taxonomy using 10X data	CS201912132_69|CS201912132_78|CS201912132_83|CS201912132_84	No	n33
	RNAseq 27-29	CS201912132_163			Fenna Krienen	10.1101/2020.03.31.016972	primary motor cortex	UBERON:0001384	Marmoset	RNAseq	CCN201912132	Marmoset M1 taxonomy using 10X data	CS201912132_69|CS201912132_78|CS201912132_83|CS201912132_84	No	n34
	RNAseq 27-28	CS201912132_164			Fenna Krienen	10.1101/2020.03.31.016972	primary motor cortex	UBERON:0001384	Marmoset	RNAseq	CCN201912132	Marmoset M1 taxonomy using 10X data	CS201912132_69|CS201912132_78|CS201912132_83|CS201912132_84	No	n35
	RNAseq 30-40	CS201912132_165			Fenna Krienen	10.1101/2020.03.31.016972	primary motor cortex	UBERON:0001384	Marmoset	RNAseq	CCN201912132	Marmoset M1 taxonomy using 10X data	CS201912132_69|CS201912132_78|CS201912132_83|CS201912132_84	No	n36
	RNAseq 30-36	CS201912132_166			Fenna Krienen	10.1101/2020.03.31.016972	primary motor cortex	UBERON:0001384	Marmoset	RNAseq	CCN201912132	Marmoset M1 taxonomy using 10X data	CS201912132_69|CS201912132_78|CS201912132_83|CS201912132_84	No	n37
	RNAseq 31-36	CS201912132_167			Fenna Krienen	10.1101/2020.03.31.016972	primary motor cortex	UBERON:0001384	Marmoset	RNAseq	CCN201912132	Marmoset M1 taxonomy using 10X data	CS201912132_69|CS201912132_78|CS201912132_83|CS201912132_84	No	n38
	RNAseq 31-33	CS201912132_168			Fenna Krienen	10.1101/2020.03.31.016972	primary motor cortex	UBERON:0001384	Marmoset	RNAseq	CCN201912132	Marmoset M1 taxonomy using 10X data	CS201912132_69|CS201912132_78|CS201912132_83|CS201912132_84	No	n39
	RNAseq 32-33	CS201912132_169			Fenna Krienen	10.1101/2020.03.31.016972	primary motor cortex	UBERON:0001384	Marmoset	RNAseq	CCN201912132	Marmoset M1 taxonomy using 10X data	CS201912132_69|CS201912132_78|CS201912132_83|CS201912132_84	No	n40
	RNAseq 34-36	CS201912132_170			Fenna Krienen	10.1101/2020.03.31.016972	primary motor cortex	UBERON:0001384	Marmoset	RNAseq	CCN201912132	Marmoset M1 taxonomy using 10X data	CS201912132_69|CS201912132_78|CS201912132_83|CS201912132_84	No	n41
	RNAseq 34-35	CS201912132_171			Fenna Krienen	10.1101/2020.03.31.016972	primary motor cortex	UBERON:0001384	Marmoset	RNAseq	CCN201912132	Marmoset M1 taxonomy using 10X data	CS201912132_69|CS201912132_78|CS201912132_83|CS201912132_84	No	n42
	RNAseq 37-40	CS201912132_172			Fenna Krienen	10.1101/2020.03.31.016972	primary motor cortex	UBERON:0001384	Marmoset	RNAseq	CCN201912132	Marmoset M1 taxonomy using 10X data	CS201912132_69|CS201912132_78|CS201912132_83|CS201912132_84	No	n43
	RNAseq 37-39	CS201912132_173			Fenna Krienen	10.1101/2020.03.31.016972	primary motor cortex	UBERON:0001384	Marmoset	RNAseq	CCN201912132	Marmoset M1 taxonomy using 10X data	CS201912132_69|CS201912132_78|CS201912132_83|CS201912132_84	No	n44
	RNAseq 38-39	CS201912132_174			Fenna Krienen	10.1101/2020.03.31.016972	primary motor cortex	UBERON:0001384	Marmoset	RNAseq	CCN201912132	Marmoset M1 taxonomy using 10X data	CS201912132_69|CS201912132_78|CS201912132_83|CS201912132_84	No	n45
	RNAseq 41-52	CS201912132_175			Fenna Krienen	10.1101/2020.03.31.016972	primary motor cortex	UBERON:0001384	Marmoset	RNAseq	CCN201912132	Marmoset M1 taxonomy using 10X data	CS201912132_69|CS201912132_78|CS201912132_83|CS201912132_84	No	n46
	RNAseq 41-51	CS201912132_176			Fenna Krienen	10.1101/2020.03.31.016972	primary motor cortex	UBERON:0001384	Marmoset	RNAseq	CCN201912132	Marmoset M1 taxonomy using 10X data	CS201912132_69|CS201912132_78|CS201912132_83|CS201912132_84	No	n47
	RNAseq 41-50	CS201912132_177			Fenna Krienen	10.1101/2020.03.31.016972	primary motor cortex	UBERON:0001384	Marmoset	RNAseq	CCN201912132	Marmoset M1 taxonomy using 10X data	CS201912132_69|CS201912132_78|CS201912132_83|CS201912132_84	No	n48
	RNAseq 41-46	CS201912132_178			Fenna Krienen	10.1101/2020.03.31.016972	primary motor cortex	UBERON:0001384	Marmoset	RNAseq	CCN201912132	Marmoset M1 taxonomy using 10X data	CS201912132_69|CS201912132_78|CS201912132_83|CS201912132_84	No	n49
	RNAseq 42-46	CS201912132_179			Fenna Krienen	10.1101/2020.03.31.016972	primary motor cortex	UBERON:0001384	Marmoset	RNAseq	CCN201912132	Marmoset M1 taxonomy using 10X data	CS201912132_69|CS201912132_78|CS201912132_83|CS201912132_84	No	n50
	RNAseq 42-44	CS201912132_180			Fenna Krienen	10.1101/2020.03.31.016972	primary motor cortex	UBERON:0001384	Marmoset	RNAseq	CCN201912132	Marmoset M1 taxonomy using 10X data	CS201912132_69|CS201912132_78|CS201912132_83|CS201912132_84	No	n51
	RNAseq 43-44	CS201912132_181			Fenna Krienen	10.1101/2020.03.31.016972	primary motor cortex	UBERON:0001384	Marmoset	RNAseq	CCN201912132	Marmoset M1 taxonomy using 10X data	CS201912132_69|CS201912132_78|CS201912132_83|CS201912132_84	No	n52
	RNAseq 45-46	CS201912132_182			Fenna Krienen	10.1101/2020.03.31.016972	primary motor cortex	UBERON:0001384	Marmoset	RNAseq	CCN201912132	Marmoset M1 taxonomy using 10X data	CS201912132_69|CS201912132_78|CS201912132_83|CS201912132_84	No	n53
	RNAseq 47-50	CS201912132_183			Fenna Krienen	10.1101/2020.03.31.016972	primary motor cortex	UBERON:0001384	Marmoset	RNAseq	CCN201912132	Marmoset M1 taxonomy using 10X data	CS201912132_69|CS201912132_78|CS201912132_83|CS201912132_84	No	n54
	RNAseq 48-50	CS201912132_184			Fenna Krienen	10.1101/2020.03.31.016972	primary motor cortex	UBERON:0001384	Marmoset	RNAseq	CCN201912132	Marmoset M1 taxonomy using 10X data	CS201912132_69|CS201912132_78|CS201912132_83|CS201912132_84	No	n55
	RNAseq 48-49	CS201912132_185			Fenna Krienen	10.1101/2020.03.31.016972	primary motor cortex	UBERON:0001384	Marmoset	RNAseq	CCN201912132	Marmoset M1 taxonomy using 10X data	CS201912132_69|CS201912132_78|CS201912132_83|CS201912132_84	No	n56
	RNAseq 53-75	CS201912132_186			Fenna Krienen	10.1101/2020.03.31.016972	primary motor cortex	UBERON:0001384	Marmoset	RNAseq	CCN201912132	Marmoset M1 taxonomy using 10X data	CS201912132_69|CS201912132_78|CS201912132_83|CS201912132_84	No	n58
	RNAseq 53-74	CS201912132_187			Fenna Krienen	10.1101/2020.03.31.016972	primary motor cortex	UBERON:0001384	Marmoset	RNAseq	CCN201912132	Marmoset M1 taxonomy using 10X data	CS201912132_69|CS201912132_78|CS201912132_83|CS201912132_84	No	n59
	RNAseq 53-72	CS201912132_188			Fenna Krienen	10.1101/2020.03.31.016972	primary motor cortex	UBERON:0001384	Marmoset	RNAseq	CCN201912132	Marmoset M1 taxonomy using 10X data	CS201912132_69|CS201912132_78|CS201912132_83|CS201912132_84	No	n60
	"RNAseq 53-68, 77"	CS201912132_189			Fenna Krienen	10.1101/2020.03.31.016972	primary motor cortex	UBERON:0001384	Marmoset	RNAseq	CCN201912132	Marmoset M1 taxonomy using 10X data	CS201912132_69|CS201912132_78|CS201912132_83|CS201912132_84	No	n61
	RNAseq 53-68	CS201912132_190			Fenna Krienen	10.1101/2020.03.31.016972	primary motor cortex	UBERON:0001384	Marmoset	RNAseq	CCN201912132	Marmoset M1 taxonomy using 10X data	CS201912132_69|CS201912132_78|CS201912132_83|CS201912132_84	No	n62
	RNAseq 53-64	CS201912132_191			Fenna Krienen	10.1101/2020.03.31.016972	primary motor cortex	UBERON:0001384	Marmoset	RNAseq	CCN201912132	Marmoset M1 taxonomy using 10X data	CS201912132_69|CS201912132_78|CS201912132_83|CS201912132_84	No	n63
	RNAseq 53-60	CS201912132_192			Fenna Krienen	10.1101/2020.03.31.016972	primary motor cortex	UBERON:0001384	Marmoset	RNAseq	CCN201912132	Marmoset M1 taxonomy using 10X data	CS201912132_69|CS201912132_78|CS201912132_83|CS201912132_84	No	n64
	RNAseq 53-58	CS201912132_193			Fenna Krienen	10.1101/2020.03.31.016972	primary motor cortex	UBERON:0001384	Marmoset	RNAseq	CCN201912132	Marmoset M1 taxonomy using 10X data	CS201912132_69|CS201912132_78|CS201912132_83|CS201912132_84	No	n65
	RNAseq 53-57	CS201912132_194			Fenna Krienen	10.1101/2020.03.31.016972	primary motor cortex	UBERON:0001384	Marmoset	RNAseq	CCN201912132	Marmoset M1 taxonomy using 10X data	CS201912132_69|CS201912132_78|CS201912132_83|CS201912132_84	No	n66
	RNAseq 54-56	CS201912132_195			Fenna Krienen	10.1101/2020.03.31.016972	primary motor cortex	UBERON:0001384	Marmoset	RNAseq	CCN201912132	Marmoset M1 taxonomy using 10X data	CS201912132_69|CS201912132_78|CS201912132_83|CS201912132_84	No	n68
	RNAseq 55-56	CS201912132_196			Fenna Krienen	10.1101/2020.03.31.016972	primary motor cortex	UBERON:0001384	Marmoset	RNAseq	CCN201912132	Marmoset M1 taxonomy using 10X data	CS201912132_69|CS201912132_78|CS201912132_83|CS201912132_84	No	n69
	RNAseq 61-64	CS201912132_197			Fenna Krienen	10.1101/2020.03.31.016972	primary motor cortex	UBERON:0001384	Marmoset	RNAseq	CCN201912132	Marmoset M1 taxonomy using 10X data	CS201912132_69|CS201912132_78|CS201912132_83|CS201912132_84	No	n71
	RNAseq 61-63	CS201912132_198			Fenna Krienen	10.1101/2020.03.31.016972	primary motor cortex	UBERON:0001384	Marmoset	RNAseq	CCN201912132	Marmoset M1 taxonomy using 10X data	CS201912132_69|CS201912132_78|CS201912132_83|CS201912132_84	No	n72
	RNAseq 61-62	CS201912132_199			Fenna Krienen	10.1101/2020.03.31.016972	primary motor cortex	UBERON:0001384	Marmoset	RNAseq	CCN201912132	Marmoset M1 taxonomy using 10X data	CS201912132_69|CS201912132_78|CS201912132_83|CS201912132_84	No	n73
	RNAseq 65-68	CS201912132_200			Fenna Krienen	10.1101/2020.03.31.016972	primary motor cortex	UBERON:0001384	Marmoset	RNAseq	CCN201912132	Marmoset M1 taxonomy using 10X data	CS201912132_69|CS201912132_78|CS201912132_83|CS201912132_84	No	n74
	RNAseq 67-68	CS201912132_201			Fenna Krienen	10.1101/2020.03.31.016972	primary motor cortex	UBERON:0001384	Marmoset	RNAseq	CCN201912132	Marmoset M1 taxonomy using 10X data	CS201912132_69|CS201912132_78|CS201912132_83|CS201912132_84	No	n76
	RNAseq 72-74	CS201912132_202			Fenna Krienen	10.1101/2020.03.31.016972	primary motor cortex	UBERON:0001384	Marmoset	RNAseq	CCN201912132	Marmoset M1 taxonomy using 10X data	CS201912132_69|CS201912132_78|CS201912132_83|CS201912132_84	No	n79
	RNAseq 79-84	CS201912132_203			Fenna Krienen	10.1101/2020.03.31.016972	primary motor cortex	UBERON:0001384	Marmoset	RNAseq	CCN201912132	Marmoset M1 taxonomy using 10X data	CS201912132_69|CS201912132_78|CS201912132_83|CS201912132_84	No	n81
	RNAseq 80-81	CS201912132_204			Fenna Krienen	10.1101/2020.03.31.016972	primary motor cortex	UBERON:0001384	Marmoset	RNAseq	CCN201912132	Marmoset M1 taxonomy using 10X data	CS201912132_69|CS201912132_78|CS201912132_83|CS201912132_84	No	n84
	RNAseq 83-84	CS201912132_205			Fenna Krienen	10.1101/2020.03.31.016972	primary motor cortex	UBERON:0001384	Marmoset	RNAseq	CCN201912132	Marmoset M1 taxonomy using 10X data	CS201912132_69|CS201912132_78|CS201912132_83|CS201912132_84	No	n85
	RNAseq 85-93	CS201912132_206			Fenna Krienen	10.1101/2020.03.31.016972	primary motor cortex	UBERON:0001384	Marmoset	RNAseq	CCN201912132	Marmoset M1 taxonomy using 10X data	CS201912132_69|CS201912132_78|CS201912132_83|CS201912132_84	No	n86
	RNAseq 85-89	CS201912132_207			Fenna Krienen	10.1101/2020.03.31.016972	primary motor cortex	UBERON:0001384	Marmoset	RNAseq	CCN201912132	Marmoset M1 taxonomy using 10X data	CS201912132_69|CS201912132_78|CS201912132_83|CS201912132_84	No	n87
	RNAseq 85-86	CS201912132_208			Fenna Krienen	10.1101/2020.03.31.016972	primary motor cortex	UBERON:0001384	Marmoset	RNAseq	CCN201912132	Marmoset M1 taxonomy using 10X data	CS201912132_69|CS201912132_78|CS201912132_83|CS201912132_84	No	n89
	RNAseq 91-92	CS201912132_209			Fenna Krienen	10.1101/2020.03.31.016972	primary motor cortex	UBERON:0001384	Marmoset	RNAseq	CCN201912132	Marmoset M1 taxonomy using 10X data	CS201912132_69|CS201912132_78|CS201912132_83|CS201912132_84	No	n93